category,domain,length_category,model_family,model,attention,attention_backend,flash_attn_version,chunk_size,overlap,segmentation_method,top_k,embedding_model,query_strategy,num_chunks,context_tokens,latency,gpu_peak_gb,throughput_docs_per_hour,seed,n_samples,model_commit_hash,tokenizer_version,rougeL,bertscore_f1
arxiv_extra_long,arxiv,extra_long,LED,allenai/led-base-16384,default,eager,,1024,0,fixed,3,BAAI/bge-base-en-v1.5,first_tokens,19,3072,2.451864004135132,1.2961039543151855,1468.2706683276508,42,60,38335783885b338d93791936c54bb4be46bebed9,4.57.1,0.15303430079155675,0.7581740021705627
arxiv_extra_long,arxiv,extra_long,LED,allenai/led-base-16384,default,eager,,1024,0,fixed,3,BAAI/bge-base-en-v1.5,first_tokens,22,2993,2.0872576236724854,2.149610996246338,1724.7511563358798,42,60,38335783885b338d93791936c54bb4be46bebed9,4.57.1,0.05681818181818182,0.8142978549003601
arxiv_extra_long,arxiv,extra_long,LED,allenai/led-base-16384,default,eager,,1024,0,fixed,3,BAAI/bge-base-en-v1.5,first_tokens,21,3070,1.9383742809295654,2.1495895385742188,1857.2264579746625,42,60,38335783885b338d93791936c54bb4be46bebed9,4.57.1,0.1763341067285383,0.8141569495201111
arxiv_extra_long,arxiv,extra_long,LED,allenai/led-base-16384,default,eager,,1024,0,fixed,3,BAAI/bge-base-en-v1.5,first_tokens,17,3072,1.913360357284546,2.2914586067199707,1881.5065266164208,42,60,38335783885b338d93791936c54bb4be46bebed9,4.57.1,0.1707865168539326,0.8231865167617798
arxiv_extra_long,arxiv,extra_long,LED,allenai/led-base-16384,default,eager,,1024,0,fixed,3,BAAI/bge-base-en-v1.5,first_tokens,21,3072,1.9077606201171875,2.2914586067199707,1887.0292016924345,42,60,38335783885b338d93791936c54bb4be46bebed9,4.57.1,0.16548463356973997,0.8138489127159119
arxiv_extra_long,arxiv,extra_long,LED,allenai/led-base-16384,default,eager,,1024,0,fixed,3,BAAI/bge-base-en-v1.5,first_tokens,19,3071,1.9105465412139893,2.2914586067199707,1884.2775731139777,42,60,38335783885b338d93791936c54bb4be46bebed9,4.57.1,0.1522633744855967,0.8219562768936157
arxiv_extra_long,arxiv,extra_long,LED,allenai/led-base-16384,default,eager,,1024,0,fixed,3,BAAI/bge-base-en-v1.5,first_tokens,23,3073,1.9282925128936768,2.2914586067199707,1866.9366685439693,42,60,38335783885b338d93791936c54bb4be46bebed9,4.57.1,0.17494089834515367,0.8236002326011658
arxiv_extra_long,arxiv,extra_long,LED,allenai/led-base-16384,default,eager,,1024,0,fixed,3,BAAI/bge-base-en-v1.5,first_tokens,28,3072,1.955718755722046,2.2914586067199707,1840.7554713412205,42,60,38335783885b338d93791936c54bb4be46bebed9,4.57.1,0.4195804195804196,0.8930491209030151
arxiv_extra_long,arxiv,extra_long,LED,allenai/led-base-16384,default,eager,,1024,0,fixed,3,BAAI/bge-base-en-v1.5,first_tokens,17,3072,1.947599172592163,2.2914586067199707,1848.4296207666637,42,60,38335783885b338d93791936c54bb4be46bebed9,4.57.1,0.16966580976863752,0.8416113257408142
arxiv_extra_long,arxiv,extra_long,LED,allenai/led-base-16384,default,eager,,1024,0,fixed,3,BAAI/bge-base-en-v1.5,first_tokens,18,3072,1.9205467700958252,2.2914586067199707,1874.4661968426726,42,60,38335783885b338d93791936c54bb4be46bebed9,4.57.1,0.1323529411764706,0.8107773065567017
arxiv_extra_long,arxiv,extra_long,LED,allenai/led-base-16384,default,eager,,1024,0,fixed,3,BAAI/bge-base-en-v1.5,first_tokens,29,3070,1.9704344272613525,2.1495895385742188,1827.0082729946673,42,60,38335783885b338d93791936c54bb4be46bebed9,4.57.1,0.16931216931216933,0.8215147852897644
arxiv_extra_long,arxiv,extra_long,LED,allenai/led-base-16384,default,eager,,1024,0,fixed,3,BAAI/bge-base-en-v1.5,first_tokens,27,3070,1.9468283653259277,2.1495895385742188,1849.1614690426534,42,60,38335783885b338d93791936c54bb4be46bebed9,4.57.1,0.24489795918367346,0.8251706957817078
arxiv_extra_long,arxiv,extra_long,LED,allenai/led-base-16384,default,eager,,1024,0,fixed,3,BAAI/bge-base-en-v1.5,first_tokens,21,3071,1.9109301567077637,2.2914586067199707,1883.8993080742634,42,60,38335783885b338d93791936c54bb4be46bebed9,4.57.1,0.06956521739130435,0.8052641749382019
arxiv_extra_long,arxiv,extra_long,LED,allenai/led-base-16384,default,eager,,1024,0,fixed,3,BAAI/bge-base-en-v1.5,first_tokens,18,3072,1.9364261627197266,2.2914586067199707,1859.0948982757857,42,60,38335783885b338d93791936c54bb4be46bebed9,4.57.1,0.13043478260869565,0.8184179067611694
arxiv_extra_long,arxiv,extra_long,LED,allenai/led-base-16384,default,eager,,1024,0,fixed,3,BAAI/bge-base-en-v1.5,first_tokens,17,2939,1.9203026294708252,2.149796962738037,1874.7045099823908,42,60,38335783885b338d93791936c54bb4be46bebed9,4.57.1,0.21747572815533978,0.8285132050514221
arxiv_extra_long,arxiv,extra_long,LED,allenai/led-base-16384,default,eager,,1024,0,fixed,3,BAAI/bge-base-en-v1.5,first_tokens,24,3073,1.9644861221313477,2.2914586067199707,1832.5403063139074,42,60,38335783885b338d93791936c54bb4be46bebed9,4.57.1,0.10952380952380952,0.810043215751648
arxiv_extra_long,arxiv,extra_long,LED,allenai/led-base-16384,default,eager,,1024,0,fixed,3,BAAI/bge-base-en-v1.5,first_tokens,17,3072,1.878974437713623,2.2914586067199707,1915.9387843405461,42,60,38335783885b338d93791936c54bb4be46bebed9,4.57.1,0.11504424778761062,0.803412675857544
arxiv_extra_long,arxiv,extra_long,LED,allenai/led-base-16384,default,eager,,1024,0,fixed,3,BAAI/bge-base-en-v1.5,first_tokens,22,3072,1.9349758625030518,2.2914586067199707,1860.4883243055556,42,60,38335783885b338d93791936c54bb4be46bebed9,4.57.1,0.2558746736292428,0.8384554386138916
arxiv_extra_long,arxiv,extra_long,LED,allenai/led-base-16384,default,eager,,1024,0,fixed,3,BAAI/bge-base-en-v1.5,first_tokens,19,3072,1.946197271347046,2.2914586067199707,1849.7610971925199,42,60,38335783885b338d93791936c54bb4be46bebed9,4.57.1,0.18561484918793503,0.831680178642273
arxiv_extra_long,arxiv,extra_long,LED,allenai/led-base-16384,default,eager,,1024,0,fixed,3,BAAI/bge-base-en-v1.5,first_tokens,18,3072,1.9031672477722168,2.2914586067199707,1891.5836242001528,42,60,38335783885b338d93791936c54bb4be46bebed9,4.57.1,0.1081081081081081,0.8328449130058289
arxiv_extra_long,arxiv,extra_long,LED,allenai/led-base-16384,default,eager,,1024,0,fixed,3,BAAI/bge-base-en-v1.5,first_tokens,16,2826,1.917943000793457,2.1499571800231934,1877.0109427186692,42,60,38335783885b338d93791936c54bb4be46bebed9,4.57.1,0.26865671641791045,0.8606420755386353
arxiv_extra_long,arxiv,extra_long,LED,allenai/led-base-16384,default,eager,,1024,0,fixed,3,BAAI/bge-base-en-v1.5,first_tokens,22,3072,1.9477989673614502,2.2914586067199707,1848.2400187718927,42,60,38335783885b338d93791936c54bb4be46bebed9,4.57.1,0.20140515222482436,0.8267962336540222
arxiv_extra_long,arxiv,extra_long,LED,allenai/led-base-16384,default,eager,,1024,0,fixed,3,BAAI/bge-base-en-v1.5,first_tokens,18,3070,1.922997236251831,2.1495895385742188,1872.0775735574446,42,60,38335783885b338d93791936c54bb4be46bebed9,4.57.1,0.21957040572792363,0.8067193031311035
arxiv_extra_long,arxiv,extra_long,LED,allenai/led-base-16384,default,eager,,1024,0,fixed,3,BAAI/bge-base-en-v1.5,first_tokens,23,3072,1.956418514251709,2.2914586067199707,1840.0970823857328,42,60,38335783885b338d93791936c54bb4be46bebed9,4.57.1,0.20588235294117646,0.8141657710075378
arxiv_extra_long,arxiv,extra_long,LED,allenai/led-base-16384,default,eager,,1024,0,fixed,3,BAAI/bge-base-en-v1.5,first_tokens,21,3072,1.9423625469207764,2.2914586067199707,1853.4130024835338,42,60,38335783885b338d93791936c54bb4be46bebed9,4.57.1,0.14705882352941177,0.8240581750869751
arxiv_extra_long,arxiv,extra_long,LED,allenai/led-base-16384,default,eager,,1024,0,fixed,3,BAAI/bge-base-en-v1.5,first_tokens,21,3072,1.9502756595611572,2.2914586067199707,1845.8929035755166,42,60,38335783885b338d93791936c54bb4be46bebed9,4.57.1,0.14948453608247422,0.8174564838409424
arxiv_extra_long,arxiv,extra_long,LED,allenai/led-base-16384,default,eager,,1024,0,fixed,3,BAAI/bge-base-en-v1.5,first_tokens,20,3039,1.932375431060791,2.1496567726135254,1862.9920160099298,42,60,38335783885b338d93791936c54bb4be46bebed9,4.57.1,0.14868105515587532,0.8108446598052979
arxiv_extra_long,arxiv,extra_long,LED,allenai/led-base-16384,default,eager,,1024,0,fixed,3,BAAI/bge-base-en-v1.5,first_tokens,19,3072,1.927570104598999,2.2914586067199707,1867.6363528417162,42,60,38335783885b338d93791936c54bb4be46bebed9,4.57.1,0.11808118081180813,0.8259449601173401
arxiv_extra_long,arxiv,extra_long,LED,allenai/led-base-16384,default,eager,,1024,0,fixed,3,BAAI/bge-base-en-v1.5,first_tokens,27,3072,1.9561481475830078,2.2914586067199707,1840.3514091957272,42,60,38335783885b338d93791936c54bb4be46bebed9,4.57.1,0.18655097613882865,0.7938845157623291
arxiv_extra_long,arxiv,extra_long,LED,allenai/led-base-16384,default,eager,,1024,0,fixed,3,BAAI/bge-base-en-v1.5,first_tokens,17,3072,1.9295158386230469,2.2914586067199707,1865.7530184199236,42,60,38335783885b338d93791936c54bb4be46bebed9,4.57.1,0.23350253807106602,0.7945870757102966
arxiv_extra_long,arxiv,extra_long,LED,allenai/led-base-16384,default,eager,,1024,0,fixed,3,BAAI/bge-base-en-v1.5,first_tokens,17,3072,1.9326424598693848,2.2914586067199707,1862.7346106445893,42,60,38335783885b338d93791936c54bb4be46bebed9,4.57.1,0.12149532710280374,0.8299035429954529
arxiv_extra_long,arxiv,extra_long,LED,allenai/led-base-16384,default,eager,,1024,0,fixed,3,BAAI/bge-base-en-v1.5,first_tokens,21,3072,1.9498331546783447,2.2914586067199707,1846.3118197381743,42,60,38335783885b338d93791936c54bb4be46bebed9,4.57.1,0.1702127659574468,0.7931450605392456
arxiv_extra_long,arxiv,extra_long,LED,allenai/led-base-16384,default,eager,,1024,0,fixed,3,BAAI/bge-base-en-v1.5,first_tokens,31,3072,1.978142499923706,2.2914586067199707,1819.889113215477,42,60,38335783885b338d93791936c54bb4be46bebed9,4.57.1,0.20825147347740666,0.842819094657898
arxiv_extra_long,arxiv,extra_long,LED,allenai/led-base-16384,default,eager,,1024,0,fixed,3,BAAI/bge-base-en-v1.5,first_tokens,17,3072,1.9438316822052002,2.2914586067199707,1852.0122050464483,42,60,38335783885b338d93791936c54bb4be46bebed9,4.57.1,0.1955193482688391,0.8268858194351196
arxiv_extra_long,arxiv,extra_long,LED,allenai/led-base-16384,default,eager,,1024,0,fixed,3,BAAI/bge-base-en-v1.5,first_tokens,24,3072,1.9181041717529297,2.2914586067199707,1876.8532246661077,42,60,38335783885b338d93791936c54bb4be46bebed9,4.57.1,0.0958904109589041,0.8157879114151001
arxiv_extra_long,arxiv,extra_long,LED,allenai/led-base-16384,default,eager,,1024,0,fixed,3,BAAI/bge-base-en-v1.5,first_tokens,19,3070,1.9374849796295166,2.1495895385742188,1858.0789207916273,42,60,38335783885b338d93791936c54bb4be46bebed9,4.57.1,0.1407766990291262,0.8123458027839661
arxiv_extra_long,arxiv,extra_long,LED,allenai/led-base-16384,default,eager,,1024,0,fixed,3,BAAI/bge-base-en-v1.5,first_tokens,24,3072,1.9466156959533691,2.2914586067199707,1849.3634914604313,42,60,38335783885b338d93791936c54bb4be46bebed9,4.57.1,0.11155378486055777,0.8233516216278076
arxiv_extra_long,arxiv,extra_long,LED,allenai/led-base-16384,default,eager,,1024,0,fixed,3,BAAI/bge-base-en-v1.5,first_tokens,24,3072,1.951601266860962,2.2914586067199707,1844.639097714049,42,60,38335783885b338d93791936c54bb4be46bebed9,4.57.1,0.06779661016949153,0.8076878190040588
arxiv_extra_long,arxiv,extra_long,LED,allenai/led-base-16384,default,eager,,1024,0,fixed,3,BAAI/bge-base-en-v1.5,first_tokens,17,3072,1.923281192779541,2.2914586067199707,1871.8011768197305,42,60,38335783885b338d93791936c54bb4be46bebed9,4.57.1,0.15037593984962408,0.8344231247901917
arxiv_extra_long,arxiv,extra_long,LED,allenai/led-base-16384,default,eager,,1024,0,fixed,3,BAAI/bge-base-en-v1.5,first_tokens,18,3072,1.9499428272247314,2.2914586067199707,1846.207975812154,42,60,38335783885b338d93791936c54bb4be46bebed9,4.57.1,0.18978102189781018,0.8297589421272278
arxiv_extra_long,arxiv,extra_long,LED,allenai/led-base-16384,default,eager,,1024,0,fixed,3,BAAI/bge-base-en-v1.5,first_tokens,27,3071,1.9619736671447754,2.2914586067199707,1834.8870121376372,42,60,38335783885b338d93791936c54bb4be46bebed9,4.57.1,0.1790281329923274,0.805767834186554
arxiv_extra_long,arxiv,extra_long,LED,allenai/led-base-16384,default,eager,,1024,0,fixed,3,BAAI/bge-base-en-v1.5,first_tokens,19,3071,1.9396278858184814,2.2914586067199707,1856.0261101220851,42,60,38335783885b338d93791936c54bb4be46bebed9,4.57.1,0.07468879668049792,0.7215691208839417
arxiv_extra_long,arxiv,extra_long,LED,allenai/led-base-16384,default,eager,,1024,0,fixed,3,BAAI/bge-base-en-v1.5,first_tokens,21,3072,1.9283154010772705,2.2914586067199707,1866.91450889664,42,60,38335783885b338d93791936c54bb4be46bebed9,4.57.1,0.1153846153846154,0.7972772121429443
arxiv_extra_long,arxiv,extra_long,LED,allenai/led-base-16384,default,eager,,1024,0,fixed,3,BAAI/bge-base-en-v1.5,first_tokens,18,3071,1.9351119995117188,2.2914586067199707,1860.3574371449185,42,60,38335783885b338d93791936c54bb4be46bebed9,4.57.1,0.1842105263157895,0.8251639604568481
arxiv_extra_long,arxiv,extra_long,LED,allenai/led-base-16384,default,eager,,1024,0,fixed,3,BAAI/bge-base-en-v1.5,first_tokens,27,3072,1.9354708194732666,2.2914586067199707,1860.0125425707688,42,60,38335783885b338d93791936c54bb4be46bebed9,4.57.1,0.07042253521126761,0.8080862760543823
arxiv_extra_long,arxiv,extra_long,LED,allenai/led-base-16384,default,eager,,1024,0,fixed,3,BAAI/bge-base-en-v1.5,first_tokens,16,3072,1.9136826992034912,2.2914586067199707,1881.1896044722482,42,60,38335783885b338d93791936c54bb4be46bebed9,4.57.1,0.05813953488372092,0.8051514029502869
arxiv_extra_long,arxiv,extra_long,LED,allenai/led-base-16384,default,eager,,1024,0,fixed,3,BAAI/bge-base-en-v1.5,first_tokens,18,3072,1.9347460269927979,2.2914586067199707,1860.7093384734994,42,60,38335783885b338d93791936c54bb4be46bebed9,4.57.1,0.182741116751269,0.8081786036491394
arxiv_extra_long,arxiv,extra_long,LED,allenai/led-base-16384,default,eager,,1024,0,fixed,3,BAAI/bge-base-en-v1.5,first_tokens,16,3071,1.902226448059082,2.2914586067199707,1892.5191602047298,42,60,38335783885b338d93791936c54bb4be46bebed9,4.57.1,0.08461538461538463,0.8162014484405518
arxiv_extra_long,arxiv,extra_long,LED,allenai/led-base-16384,default,eager,,1024,0,fixed,3,BAAI/bge-base-en-v1.5,first_tokens,17,3071,1.9124181270599365,2.2914586067199707,1882.433526989453,42,60,38335783885b338d93791936c54bb4be46bebed9,4.57.1,0.09049773755656108,0.7575035095214844
arxiv_extra_long,arxiv,extra_long,LED,allenai/led-base-16384,default,eager,,1024,0,fixed,3,BAAI/bge-base-en-v1.5,first_tokens,23,3072,1.9638009071350098,2.2914586067199707,1833.1797214881838,42,60,38335783885b338d93791936c54bb4be46bebed9,4.57.1,0.12376237623762376,0.8089139461517334
arxiv_extra_long,arxiv,extra_long,LED,allenai/led-base-16384,default,eager,,1024,0,fixed,3,BAAI/bge-base-en-v1.5,first_tokens,30,3071,1.9414973258972168,2.2914586067199707,1854.2389690577327,42,60,38335783885b338d93791936c54bb4be46bebed9,4.57.1,0.22278481012658227,0.8414208889007568
arxiv_extra_long,arxiv,extra_long,LED,allenai/led-base-16384,default,eager,,1024,0,fixed,3,BAAI/bge-base-en-v1.5,first_tokens,19,3072,1.9336020946502686,2.2914586067199707,1861.8101469584587,42,60,38335783885b338d93791936c54bb4be46bebed9,4.57.1,0.20278330019880716,0.8132649064064026
arxiv_extra_long,arxiv,extra_long,LED,allenai/led-base-16384,default,eager,,1024,0,fixed,3,BAAI/bge-base-en-v1.5,first_tokens,17,3071,1.9173548221588135,2.2914586067199707,1877.586745236148,42,60,38335783885b338d93791936c54bb4be46bebed9,4.57.1,0.21229050279329612,0.8490642309188843
arxiv_extra_long,arxiv,extra_long,LED,allenai/led-base-16384,default,eager,,1024,0,fixed,3,BAAI/bge-base-en-v1.5,first_tokens,22,3071,1.898712396621704,2.2914586067199707,1896.021749478922,42,60,38335783885b338d93791936c54bb4be46bebed9,4.57.1,0.0808080808080808,0.8118346929550171
arxiv_extra_long,arxiv,extra_long,LED,allenai/led-base-16384,default,eager,,1024,0,fixed,3,BAAI/bge-base-en-v1.5,first_tokens,17,3072,1.9149630069732666,2.2914586067199707,1879.9318769557083,42,60,38335783885b338d93791936c54bb4be46bebed9,4.57.1,0.143646408839779,0.8092658519744873
arxiv_extra_long,arxiv,extra_long,LED,allenai/led-base-16384,default,eager,,1024,0,fixed,3,BAAI/bge-base-en-v1.5,first_tokens,21,3072,1.926755666732788,2.2914586067199707,1868.4258010277676,42,60,38335783885b338d93791936c54bb4be46bebed9,4.57.1,0.16707616707616707,0.8311374187469482
arxiv_extra_long,arxiv,extra_long,LED,allenai/led-base-16384,default,eager,,1024,0,fixed,3,BAAI/bge-base-en-v1.5,first_tokens,20,3072,1.9195683002471924,2.2914586067199707,1875.4216766011452,42,60,38335783885b338d93791936c54bb4be46bebed9,4.57.1,0.11401425178147268,0.8048843741416931
arxiv_extra_long,arxiv,extra_long,LED,allenai/led-base-16384,default,eager,,1024,0,fixed,3,BAAI/bge-base-en-v1.5,first_tokens,19,3072,1.9334144592285156,2.2914586067199707,1861.990833272498,42,60,38335783885b338d93791936c54bb4be46bebed9,4.57.1,0.18225419664268583,0.8212396502494812
arxiv_extra_long,arxiv,extra_long,LED,allenai/led-base-16384,default,eager,,1024,0,fixed,3,BAAI/bge-base-en-v1.5,first_tokens,17,3073,1.9121692180633545,2.2914586067199707,1882.6785652611231,42,60,38335783885b338d93791936c54bb4be46bebed9,4.57.1,0.16115702479338842,0.8121120929718018
arxiv_extra_long,arxiv,extra_long,LED,allenai/led-base-16384,default,eager,,1024,0,fixed,3,BAAI/bge-base-en-v1.5,first_tokens,19,3070,1.9247245788574219,2.1495895385742188,1870.3974789666142,42,60,38335783885b338d93791936c54bb4be46bebed9,4.57.1,0.05691056910569106,0.8101869225502014
